name,order,text,id
Bob,1,"Sure, Alice! Choosing the right colors for a data visualization can be quite challenging. Even though we both come from different professional backgrounds, we can agree that effective color selection is crucial for clear and accurate data communication. What specific difficulties have you encountered in selecting colors for your visualizations? Maybe we can come up with solutions together.",SOmFRM5zXH
Alice,2,"Alice: Thanks, Bob! One major challenge I've faced is ensuring that the colors I choose are accessible to people with color vision deficiencies. Since around 8% of men and 0.5% of women of Northern European descent have some form of color blindness, it's crucial to design with them in mind. Have you encountered similar issues in your work?

Bob: Absolutely, Alice. In the medical field, clear data representation is essential, especially when visualizing patient data or research findings. Color blindness is definitely a concern. One approach I use is employing color blind-friendly palettes, which can be found through various resources and tools online. 

Alice: That's a good tip, Bob. Another issue I've dealt with is balancing aesthetic appeal with functionality. Sometimes, colors that look visually appealing aren't necessarily the best for distinguishing different data points. 

Bob: Right, aesthetics can be tricky. In my experience, neutral backgrounds with more distinct, contrasting colors for data points often work well. Additionally, using texture or pattern alongside color for differentiation can also aid in clarity.

Alice: Good idea. I've also noticed that cultural differences can impact color perception—certain colors carry different meanings in various cultures, which can affect the interpretation of data. For international audiences, that's another layer of complexity. Do you think about cultural implications in your medical visualizations?

Bob: Definitely, cultural considerations are important, especially when presenting research at international conferences or working with diverse patient populations. For instance, while red might signify urgency in Western cultures, it might have positive connotations in others. Using color conventions that are universally understood, like traffic light colors for risk assessment, can mitigate misunderstandings.

Alice: Excellent point. Something else I've struggled with is maintaining consistency across different visualizations, especially in larger projects with multiple charts or graphs. It's easy for a color scheme to become disorganized.

Bob: Consistency is key. I find that creating a style guide for color usage can help maintain uniformity. It’s useful not just for individual projects but also for establishing a recognizable visual identity across different works.

Alice: That's smart. Do you have any favorite software or tools that help you with color selection and ensuring consistency?

Bob: Yes, I often use tools like ColorBrewer, which offers color schemes specifically designed for data visualization. Also, Adobe Color can be handy for creating and saving custom palettes. What about you, Alice?

Alice: I use similar tools. ColorBrewer is fantastic for ensuring both color blindness accessibility and print visibility. I also like using Datawrapper, which provides some good default palettes and allows for custom color schemes.

Bob: Sounds like we have some good strategies in place. Despite our different fields, it's clear that thoughtful color selection is universally important in data visualization.

Alice: Absolutely, Bob. It's always great to share insights. Maybe we should collaborate on a project sometime and merge our expertise!

Bob: That would be fantastic, Alice. Looking forward to it!",duwQGRbvN4
Bob,3,"Alice: It’s really encouraging to hear that even across different domains, the challenges and solutions can be quite similar. It shows how universally applicable good design principles are.

Bob: Completely agree, Alice. Sometimes sharing perspectives from different fields can lead to innovative solutions we might not have thought of otherwise. For example, do you find that interactivity in visualizations changes how you think about color?

Alice: Absolutely. When visualizations are interactive, the requirements for color can shift. You need to think about how colors will hold up when layers are added or removed, and how they interact when users hover or click on data points.

Bob: That’s an interesting point. In my work, interactivity often comes into play with tools that allow users to explore individual patient data or dig deeper into specific aspects of research findings. Ensuring that the color signals remain clear throughout the interaction is vital.

Alice: Have you found any effective strategies for testing your color choices before finalizing a visualization?

Bob: One method I’ve found useful is getting feedback from colleagues or a test audience. They can offer fresh perspectives and might spot issues I’ve overlooked. Additionally, I use software that simulates color blindness to see how my visualizations will appear to those with color vision deficiencies.

Alice: Testing is definitely important. I also like to use grayscale to check if the visualization still makes sense without color. This helps ensure that the information is accessible to people who can’t distinguish certain colors. 

Bob: That’s a great technique, Alice. Sometimes it’s easy to overlook how much we rely on color until we strip it away. 

Alice: Yes, and it helps reinforce that, while color is a powerful tool, it shouldn’t be the sole method of conveying information. Labels, annotations, and design elements like shapes play an important role too.

Bob: Absolutely, redundancy in design helps ensure that the message gets across clearly regardless of any single factor’s limitations. 

Alice: Do you ever find the need to adjust colors for different mediums, like print versus digital displays?

Bob: Oh, definitely. Colors can render very differently on a screen compared to print. Ensuring that the colors stay true across mediums often involves adjusting brightness and contrast settings and sometimes even choosing different palettes altogether. 

Alice: It’s quite a bit of work to manually adjust for those differences. Have you found any automated solutions that help with this?

Bob: Some software options have settings for both print and digital outputs, which can help streamline adjustments. But manual tweaks are often necessary to ensure everything looks as intended.

Alice: I’ve used some tools with print preview features, which has helped. But as you said, manual checks are usually essential to catch anything the software might miss. 

Bob: It’s a multifaceted challenge, but having a solid understanding of your tools and being open to feedback can make a significant difference.

Alice: Absolutely. It’s reassuring to know that careful consideration and cross-field collaboration can help tackle these challenges effectively. 

Bob: Indeed, it’s been great exchanging ideas with you, Alice. 

Alice: Likewise, Bob. Let’s stay in touch and perhaps we can collaborate on a data visualization project someday.

Bob: I’d love that. Take care, Alice!

Alice: You too, Bob!",TYM88fJCRC
Alice,4,"Alice: It’s really encouraging to hear that even across different domains, the challenges and solutions can be quite similar. It shows how universally applicable good design principles are.

Bob: Completely agree, Alice. Sometimes sharing perspectives from different fields can lead to innovative solutions we might not have thought of otherwise. For example, do you find that interactivity in visualizations changes how you think about color?

Alice: Absolutely. When visualizations are interactive, the requirements for color can shift. You need to think about how colors will hold up when layers are added or removed, and how they interact when users hover or click on data points.

Bob: That’s an interesting point. In my work, interactivity often comes into play with tools that allow users to explore individual patient data or dig deeper into specific aspects of research findings. Ensuring that the color signals remain clear throughout the interaction is vital.

Alice: Have you found any effective strategies for testing your color choices before finalizing a visualization?

Bob: One method I’ve found useful is getting feedback from colleagues or a test audience. They can offer fresh perspectives and might spot issues I’ve overlooked. Additionally, I use software that simulates color blindness to see how my visualizations will appear to those with color vision deficiencies.

Alice: Testing is definitely important. I also like to use grayscale to check if the visualization still makes sense without color. This helps ensure that the information is accessible to people who can’t distinguish certain colors. 

Bob: That’s a great technique, Alice. Sometimes it’s easy to overlook how much we rely on color until we strip it away. 

Alice: Yes, and it helps reinforce that, while color is a powerful tool, it shouldn’t be the sole method of conveying information. Labels, annotations, and design elements like shapes play an important role too.

Bob: Absolutely, redundancy in design helps ensure that the message gets across clearly regardless of any single factor’s limitations. 

Alice: Do you ever find the need to adjust colors for different mediums, like print versus digital displays?

Bob: Oh, definitely. Colors can render very differently on a screen compared to print. Ensuring that the colors stay true across mediums often involves adjusting brightness and contrast settings and sometimes even choosing different palettes altogether. 

Alice: It’s quite a bit of work to manually adjust for those differences. Have you found any automated solutions that help with this?

Bob: Some software options have settings for both print and digital outputs, which can help streamline adjustments. But manual tweaks are often necessary to ensure everything looks as intended.

Alice: I’ve used some tools with print preview features, which has helped. But as you said, manual checks are usually essential to catch anything the software might miss. 

Bob: It’s a multifaceted challenge, but having a solid understanding of your tools and being open to feedback can make a significant difference.

Alice: Absolutely. It’s reassuring to know that careful consideration and cross-field collaboration can help tackle these challenges effectively. 

Bob: Indeed, it’s been great exchanging ideas with you, Alice. 

Alice: Likewise, Bob. Let’s stay in touch and perhaps we can collaborate on a data visualization project someday.

Bob: I’d love that. Take care, Alice!

Alice: You too, Bob!",fovqlonY7v
